exp_name,accuracy,time,emb_time
mondial\EK_3_100_500_10_50000_0experiment_remove_longest_schemes_0,0.833333333,0.3975,0.04
mondial\EK_3_100_500_10_50000_0experiment_dynamic_0%in_1_ep,0.833333333,0.399444444,0.039722222
mondial\EK_3_100_500_10_50000_0experiment_dynamic_45%in_4_ep,0.833333333,0.3175,0.031944444
mondial\EK_3_100_500_10_50000_0experiment_dynamic_45%in_3_ep,0.828571429,0.315277778,0.031111111
mondial\EK_3_100_500_10_50000_0experiment_dynamic_85%in_9_ep,0.838095238,0.308055556,0.030833333
mondial\EK_3_100_500_10_50000_0experiment_dynamic_45%in_2_ep,0.833333333,0.292777778,0.030277778
mondial\EK_3_100_500_10_50000_0experiment_dynamic_45%in_1_ep,0.828571429,0.290555556,0.028888889
mondial\EK_3_100_500_10_50000_0experiment_dynamic_60%in_4_ep,0.838095238,0.283055556,0.028888889
mondial\EK_3_100_500_10_50000_0experiment_dynamic_85%in_7_ep,0.828571429,0.2675,0.028055556
mondial\EK_3_100_500_10_50000_0experiment_dynamic_60%in_3_ep,0.828571429,0.273055556,0.0275
mondial\EK_3_100_500_10_50000_0experiment_dynamic_60%in_2_ep,0.838095238,0.2625,0.026388889
mondial\EK_3_100_500_10_50000_0experiment_dynamic_85%in_6_ep,0.823809524,0.255,0.026111111
mondial\EK_3_100_500_10_50000_0experiment_dynamic_60%in_1_ep,0.838095238,0.248888889,0.025555556
mondial\EK_3_100_500_10_50000_0experiment_dynamic_85%in_5_ep,0.823809524,0.2425,0.025
mondial\EK_3_100_500_10_50000_0experiment_dynamic_75%in_4_ep,0.828571429,0.246111111,0.024722222
mondial\EK_3_100_500_10_50000_0experiment_dynamic_75%in_3_ep,0.838095238,0.229722222,0.022777778
mondial\EK_3_100_500_10_50000_0experiment_dynamic_85%in_4_ep,0.823809524,0.223055556,0.022777778
mondial\EK_3_100_500_10_50000_0experiment_dynamic_75%in_2_ep,0.828571429,0.2175,0.021666667
mondial\EK_3_100_500_10_50000_0experiment_dynamic_85%in_3_ep,0.823809524,0.212222222,0.021666667
mondial\EK_3_100_500_10_50000_0experiment_dynamic_90%in_3_ep,0.828571429,0.196388889,0.019722222
mondial\EK_3_100_500_10_50000_0experiment_dynamic_75%in_1_ep,0.828571429,0.199166667,0.019444444
mondial\EK_3_100_500_10_50000_0experiment_dynamic_85%in_2_ep,0.804761905,0.192777778,0.019166667
mondial\EK_3_100_500_10_50000_0experiment_dynamic_90%in_2_ep,0.780952381,0.178055556,0.018055556
mondial\EK_3_100_500_10_50000_0experiment_dynamic_85%in_1_ep,0.771428571,0.175,0.017222222
mondial\EK_3_100_500_10_50000_0experiment_dynamic_90%in_1_ep,0.738095238,0.1675,0.016944444
mondial\EK_4_100_500_10_50000_0experiment_all_depth_4,0.857142857,1.661111111,0.164444444
mondial\EK_4_100_500_10_50000_0experiment_all_depth_4_conditional_entropy_from_low_to_high_removed_400,0.633333333,0.603611111,0.059722222
mondial\EK_5_100_500_10_50000_0experiment_all_depth_5,0.876190476,3.97,0.390555556
mondial\EK_5_100_500_10_50000_0experiment_all_depth_5_conditional_entropy_from_low_to_high_removed_1100,0.585714286,3.039444444,0.302222222
mondial\EK_4_100_500_10_50000_0experiment_sorted_d4_mean_highest_loss_after_1_epoch_400,0.633333333,0.079166667,0.007777778
mondial\EK_4_100_500_10_50000_0experiment_sorted_d4_mean_lowest_loss_after_1_epoch_380,0.728571429,0.219166667,0.021666667
mondial\EK_4_100_500_10_50000_0experiment_sorted_d4_mean_lowest_loss_after_1_epoch_400,0.661904762,0.156388889,0.015555556
mondial\EK_4_100_500_10_50000_0experiment_sorted_d4_mean_lowest_loss_after_1_epoch_410,0.619047619,0.098333333,0.010277778
mondial\EK_4_100_500_10_50000_0experiment_sorted_d4_mean_highest_loss_after_1_epoch_400,0.633333333,0.079166667,0.007777778
mondial\EK_4_100_500_10_50000_0experiment_sorted_d4_mean_lowest_loss_after_1_epoch_250,0.847619048,0.746111111,0.075
mondial\EK_4_100_500_10_50000_0experiment_sorted_d4_mean_lowest_loss_after_1_epoch_300,0.857142857,0.474444444,0.047222222
mondial\EK_4_100_500_10_50000_0experiment_sorted_d4_mean_lowest_loss_after_1_epoch_350,0.795238095,0.303611111,0.030833333
mondial\EK_4_100_500_10_50000_0experiment_sorted_d4_mean_lowest_loss_after_1_epoch_380,0.728571429,0.219166667,0.021666667
mondial\EK_4_100_500_10_50000_0experiment_sorted_d4_mean_lowest_loss_after_1_epoch_400,0.661904762,0.156388889,0.015555556
mondial\EK_4_100_500_10_50000_0experiment_sorted_d4_mean_lowest_loss_after_1_epoch_410,0.619047619,0.098333333,0.010277778
,,,
genes\EK_3_100_500_10_50000_0experiment_dynamic_55%in_1_ep,0.886046512,0.410555556,0.041666667
genes\EK_3_100_500_10_50000_0experiment_dynamic_55%in_2_ep,0.890697674,0.416111111,0.041666667
genes\EK_3_100_500_10_50000_0experiment_dynamic_55%in_3_ep,0.894186047,0.426388889,0.043055556
genes\EK_3_100_500_10_50000_0experiment_dynamic_55%in_4_ep,0.9,0.434444444,0.043888889
genes\EK_3_100_500_10_50000_0experiment_dynamic_65%in_1_ep,0.86744186,0.358055556,0.035833333
genes\EK_3_100_500_10_50000_0experiment_dynamic_65%in_2_ep,0.887209302,0.376944444,0.037222222
genes\EK_3_100_500_10_50000_0experiment_dynamic_65%in_3_ep,0.723255814,0.386111111,0.038611111
genes\EK_3_100_500_10_50000_0experiment_dynamic_65%in_4_ep,0.724418605,0.386666667,0.038888889
genes\EK_3_100_500_10_50000_0experiment_dynamic_75%in_1_ep,0.491860465,0.282222222,0.028055556
genes\EK_3_100_500_10_50000_0experiment_dynamic_75%in_2_ep,0.573255814,0.299444444,0.030277778
genes\EK_3_100_500_10_50000_0experiment_dynamic_75%in_3_ep,0.665116279,0.320555556,0.032222222
genes\EK_3_100_500_10_50000_0experiment_dynamic_75%in_4_ep,0.71744186,0.352222222,0.035
genes\EK_3_100_500_10_50000_0experiment_dynamic_85%in_1_ep,0.439534884,0.249722222,0.025277778
genes\EK_3_100_500_10_50000_0experiment_dynamic_85%in_2_ep,0.543023256,0.271944444,0.027222222
genes\EK_3_100_500_10_50000_0experiment_dynamic_85%in_3_ep,0.658139535,0.288055556,0.028611111
genes\EK_3_100_500_10_50000_0experiment_dynamic_85%in_4_ep,0.722093023,0.309722222,0.030833333
genes\EK_3_100_500_10_50000_0experiment_dynamic_95%in_1_ep,0.439534884,0.214722222,0.021111111
genes\EK_3_100_500_10_50000_0experiment_dynamic_95%in_2_ep,0.560465116,0.235,0.023333333
genes\EK_3_100_500_10_50000_0experiment_dynamic_95%in_3_ep,0.66744186,0.257222222,0.025833333
genes\EK_3_100_500_10_50000_0experiment_dynamic_95%in_4_ep,0.710465116,0.2775,0.0275
genes\EK_3_100_500_10_50000_0experiment_dynamic_95%in_5_ep,0.734883721,0.291388889,0.028611111
genes\EK_3_100_500_10_50000_0experiment_dynamic_95%in_6_ep,0.729069767,0.309444444,0.030833333
genes\EK_3_100_500_10_50000_0experiment_dynamic_95%in_7_ep,0.768604651,0.351111111,0.035277778
genes\EK_3_100_500_10_50000_0experiment_dynamic_95%in_8_ep,0.795348837,0.407222222,0.040555556
genes\EK_3_100_500_10_50000_0experiment_dynamic_95%in_9_ep,0.795348837,0.407222222,0.040277778
genes_essential\EK_3_100_500_10_50000_0experiment_dynamic_55%in_1_ep,1.0,0.386944444,0.0375
genes_essential\EK_3_100_500_10_50000_0experiment_dynamic_55%in_2_ep,1.0,0.395555556,0.038888889
genes_essential\EK_3_100_500_10_50000_0experiment_dynamic_55%in_3_ep,1.0,0.4025,0.039722222
genes_essential\EK_3_100_500_10_50000_0experiment_dynamic_55%in_4_ep,1.0,0.415555556,0.040833333
genes_essential\EK_3_100_500_10_50000_0experiment_dynamic_65%in_1_ep,1.0,0.350555556,0.035555556
genes_essential\EK_3_100_500_10_50000_0experiment_dynamic_65%in_2_ep,1.0,0.358611111,0.036388889
genes_essential\EK_3_100_500_10_50000_0experiment_dynamic_65%in_3_ep,1.0,0.367222222,0.038055556
genes_essential\EK_3_100_500_10_50000_0experiment_dynamic_65%in_4_ep,1.0,0.368888889,0.036944444
genes_essential\EK_3_100_500_10_50000_0experiment_dynamic_75%in_1_ep,1.0,0.273888889,0.027222222
genes_essential\EK_3_100_500_10_50000_0experiment_dynamic_75%in_2_ep,1.0,0.293055556,0.029166667
genes_essential\EK_3_100_500_10_50000_0experiment_dynamic_75%in_3_ep,1.0,0.31,0.031388889
genes_essential\EK_3_100_500_10_50000_0experiment_dynamic_75%in_4_ep,1.0,0.327777778,0.033055556
genes_essential\EK_3_100_500_10_50000_0experiment_dynamic_85%in_1_ep,1.0,0.236666667,0.023888889
genes_essential\EK_3_100_500_10_50000_0experiment_dynamic_85%in_2_ep,1.0,0.260277778,0.025833333
genes_essential\EK_3_100_500_10_50000_0experiment_dynamic_85%in_3_ep,1.0,0.278611111,0.027777778
genes_essential\EK_3_100_500_10_50000_0experiment_dynamic_85%in_4_ep,1.0,0.304722222,0.029722222
genes_essential\EK_3_100_500_10_50000_0experiment_dynamic_95%in_1_ep,1.0,0.206666667,0.02
genes_essential\EK_3_100_500_10_50000_0experiment_dynamic_95%in_2_ep,1.0,0.227777778,0.022777778
genes_essential\EK_3_100_500_10_50000_0experiment_dynamic_95%in_3_ep,1.0,0.245555556,0.025
genes_essential\EK_3_100_500_10_50000_0experiment_dynamic_95%in_4_ep,1.0,0.269166667,0.026944444
genes_essential\EK_3_100_500_10_50000_0experiment_dynamic_95%in_5_ep,1.0,0.280833333,0.028055556
genes_essential\EK_3_100_500_10_50000_0experiment_dynamic_95%in_6_ep,1.0,0.300833333,0.030277778
genes_essential\EK_3_100_500_10_50000_0experiment_dynamic_95%in_7_ep,1.0,0.335,0.033611111
genes_essential\EK_3_100_500_10_50000_0experiment_dynamic_95%in_8_ep,1.0,0.391666667,0.039166667
genes_essential\EK_3_100_500_10_50000_0experiment_dynamic_95%in_9_ep,1.0,0.395555556,0.039444444
mondial\EK_4_100_500_10_50000_0experiment_all_depth_4,0.857142857,1.661111111,0.164444444
mondial\EK_4_100_500_10_50000_0experiment_dynamic_d4_65%in_1_ep,0.866666667,0.8475,0.084166667
mondial\EK_4_100_500_10_50000_0experiment_dynamic_d4_65%in_2_ep,0.866666667,0.892222222,0.086944444
mondial\EK_4_100_500_10_50000_0experiment_dynamic_d4_65%in_3_ep,0.861904762,0.943888889,0.093611111
mondial\EK_4_100_500_10_50000_0experiment_dynamic_d4_65%in_4_ep,0.861904762,1.001666667,0.099444444
mondial\EK_4_100_500_10_50000_0experiment_dynamic_d4_65%in_6_ep,0.866666667,1.091944444,0.108055556
mondial\EK_4_100_500_10_50000_0experiment_dynamic_d4_75%in_1_ep,0.857142857,0.701111111,0.069444444
mondial\EK_4_100_500_10_50000_0experiment_dynamic_d4_75%in_2_ep,0.861904762,0.773888889,0.077222222
mondial\EK_4_100_500_10_50000_0experiment_dynamic_d4_75%in_3_ep,0.876190476,0.819722222,0.081666667
mondial\EK_4_100_500_10_50000_0experiment_dynamic_d4_75%in_4_ep,0.876190476,0.8925,0.089166667
mondial\EK_4_100_500_10_50000_0experiment_dynamic_d4_75%in_6_ep,0.876190476,0.979722222,0.098333333
mondial\EK_4_100_500_10_50000_0experiment_dynamic_d4_85%in_1_ep,0.761904762,0.606666667,0.061111111
mondial\EK_4_100_500_10_50000_0experiment_dynamic_d4_85%in_2_ep,0.8,0.667222222,0.066944444
mondial\EK_4_100_500_10_50000_0experiment_dynamic_d4_85%in_3_ep,0.828571429,0.725833333,0.073333333
mondial\EK_4_100_500_10_50000_0experiment_dynamic_d4_85%in_4_ep,0.857142857,0.788611111,0.078611111
mondial\EK_4_100_500_10_50000_0experiment_dynamic_d4_85%in_6_ep,0.866666667,0.900555556,0.09
mondial\EK_4_100_500_10_50000_0experiment_dynamic_d4_95%in_1_ep,0.7,0.527222222,0.050833333
mondial\EK_4_100_500_10_50000_0experiment_dynamic_d4_95%in_2_ep,0.747619048,0.561944444,0.054722222
mondial\EK_4_100_500_10_50000_0experiment_dynamic_d4_95%in_3_ep,0.780952381,0.625,0.061944444
mondial\EK_4_100_500_10_50000_0experiment_dynamic_d4_95%in_4_ep,0.80952381,0.693055556,0.068611111
mondial\EK_4_100_500_10_50000_0experiment_dynamic_d4_95%in_6_ep,0.847619048,0.841388889,0.083888889
mondial_fuzz\EK_3_100_1000_10_50000_0experiment_sameT_conditional_entropy_from_low_to_high_removed_40,0.833333333,4.995555556,0.506944444
mondial_fuzz\EK_3_100_1500_10_50000_0experiment_sameT_conditional_entropy_from_low_to_high_removed_40,0.847619048,7.424722222,0.744444444
mondial_fuzz\EK_3_100_500_10_50000_0experiment_EC_all,0.833333333,5.524166667,0.5575
mondial_original_target\EK_3_100_500_10_50000_0experiment_dynamic_55%in_1_ep,0.833333333,0.270277778,0.027222222
mondial_original_target\EK_3_100_500_10_50000_0experiment_dynamic_55%in_2_ep,0.828571429,0.2725,0.027777778
mondial_original_target\EK_3_100_500_10_50000_0experiment_dynamic_55%in_3_ep,0.833333333,0.290277778,0.029722222
mondial_original_target\EK_3_100_500_10_50000_0experiment_dynamic_55%in_4_ep,0.833333333,0.289722222,0.029444444
mondial_original_target\EK_3_100_500_10_50000_0experiment_dynamic_65%in_1_ep,0.847619048,0.242222222,0.024722222
mondial_original_target\EK_3_100_500_10_50000_0experiment_dynamic_65%in_2_ep,0.842857143,0.251388889,0.025555556
mondial_original_target\EK_3_100_500_10_50000_0experiment_dynamic_65%in_3_ep,0.847619048,0.258888889,0.026388889
mondial_original_target\EK_3_100_500_10_50000_0experiment_dynamic_65%in_4_ep,0.847619048,0.2725,0.027777778
mondial_original_target\EK_3_100_500_10_50000_0experiment_dynamic_75%in_1_ep,0.828571429,0.2,0.019444444
mondial_original_target\EK_3_100_500_10_50000_0experiment_dynamic_75%in_2_ep,0.828571429,0.214444444,0.021666667
mondial_original_target\EK_3_100_500_10_50000_0experiment_dynamic_75%in_3_ep,0.838095238,0.229722222,0.023611111
mondial_original_target\EK_3_100_500_10_50000_0experiment_dynamic_75%in_4_ep,0.828571429,0.247222222,0.025
mondial_original_target\EK_3_100_500_10_50000_0experiment_dynamic_85%in_1_ep,0.771428571,0.1775,0.0175
mondial_original_target\EK_3_100_500_10_50000_0experiment_dynamic_85%in_2_ep,0.804761905,0.194722222,0.019166667
mondial_original_target\EK_3_100_500_10_50000_0experiment_dynamic_85%in_3_ep,0.823809524,0.209166667,0.021388889
mondial_original_target\EK_3_100_500_10_50000_0experiment_dynamic_85%in_4_ep,0.823809524,0.225555556,0.023055556
mondial_original_target\EK_3_100_500_10_50000_0experiment_dynamic_95%in_1_ep,0.619047619,0.147777778,0.015
mondial_original_target\EK_3_100_500_10_50000_0experiment_dynamic_95%in_2_ep,0.60952381,0.163333333,0.016666667
mondial_original_target\EK_3_100_500_10_50000_0experiment_dynamic_95%in_3_ep,0.623809524,0.182222222,0.018333333
mondial_original_target\EK_3_100_500_10_50000_0experiment_dynamic_95%in_4_ep,0.70952381,0.198611111,0.020277778
mondial_original_target\EK_3_100_500_10_50000_0experiment_dynamic_95%in_5_ep,0.795238095,0.219166667,0.022222222
mondial_original_target\EK_3_100_500_10_50000_0experiment_dynamic_95%in_6_ep,0.833333333,0.237222222,0.024166667
mondial_original_target\EK_3_100_500_10_50000_0experiment_dynamic_95%in_7_ep,0.838095238,0.251111111,0.025555556
mondial_original_target\EK_3_100_500_10_50000_0experiment_dynamic_95%in_8_ep,0.823809524,0.264722222,0.026666667
mondial_original_target\EK_3_100_500_10_50000_0experiment_dynamic_95%in_9_ep,0.833333333,0.285555556,0.029444444
mondial_target_continent\EK_3_100_500_10_50000_0experiment_dynamic_55%in_1_ep,0.96,0.310277778,0.031111111
mondial_target_continent\EK_3_100_500_10_50000_0experiment_dynamic_55%in_2_ep,0.964,0.316944444,0.032777778
mondial_target_continent\EK_3_100_500_10_50000_0experiment_dynamic_55%in_3_ep,0.968,0.331111111,0.033055556
mondial_target_continent\EK_3_100_500_10_50000_0experiment_dynamic_55%in_4_ep,0.972,0.339722222,0.034444444
mondial_target_continent\EK_3_100_500_10_50000_0experiment_dynamic_65%in_1_ep,0.964,0.268333333,0.026944444
mondial_target_continent\EK_3_100_500_10_50000_0experiment_dynamic_65%in_2_ep,0.972,0.28,0.028333333
mondial_target_continent\EK_3_100_500_10_50000_0experiment_dynamic_65%in_3_ep,0.972,0.306944444,0.031111111
mondial_target_continent\EK_3_100_500_10_50000_0experiment_dynamic_65%in_4_ep,0.976,0.306944444,0.031111111
mondial_target_continent\EK_3_100_500_10_50000_0experiment_dynamic_75%in_1_ep,0.904,0.219722222,0.022222222
mondial_target_continent\EK_3_100_500_10_50000_0experiment_dynamic_75%in_2_ep,0.956,0.237222222,0.024166667
mondial_target_continent\EK_3_100_500_10_50000_0experiment_dynamic_75%in_3_ep,0.968,0.256944444,0.025833333
mondial_target_continent\EK_3_100_500_10_50000_0experiment_dynamic_75%in_4_ep,0.972,0.276388889,0.028055556
mondial_target_continent\EK_3_100_500_10_50000_0experiment_dynamic_85%in_1_ep,0.832,0.186944444,0.018888889
mondial_target_continent\EK_3_100_500_10_50000_0experiment_dynamic_85%in_2_ep,0.944,0.205,0.020833333
mondial_target_continent\EK_3_100_500_10_50000_0experiment_dynamic_85%in_3_ep,0.972,0.234166667,0.023888889
mondial_target_continent\EK_3_100_500_10_50000_0experiment_dynamic_85%in_4_ep,0.98,0.251111111,0.025555556
mondial_target_continent\EK_3_100_500_10_50000_0experiment_dynamic_95%in_1_ep,0.276,0.163333333,0.016388889
mondial_target_continent\EK_3_100_500_10_50000_0experiment_dynamic_95%in_2_ep,0.316,0.186111111,0.018888889
mondial_target_continent\EK_3_100_500_10_50000_0experiment_dynamic_95%in_3_ep,0.516,0.208055556,0.021111111
mondial_target_continent\EK_3_100_500_10_50000_0experiment_dynamic_95%in_4_ep,0.648,0.221944444,0.0225
mondial_target_continent\EK_3_100_500_10_50000_0experiment_dynamic_95%in_5_ep,0.824,0.246388889,0.024722222
mondial_target_continent\EK_3_100_500_10_50000_0experiment_dynamic_95%in_6_ep,0.948,0.268333333,0.0275
mondial_target_continent\EK_3_100_500_10_50000_0experiment_dynamic_95%in_7_ep,0.972,0.283888889,0.029166667
mondial_target_continent\EK_3_100_500_10_50000_0experiment_dynamic_95%in_8_ep,0.976,0.300833333,0.030555556
mondial_target_continent\EK_3_100_500_10_50000_0experiment_dynamic_95%in_9_ep,0.976,0.323888889,0.032777778
mondial_target_GDP_g8e3\EK_3_100_500_10_50000_0experiment_dynamic_55%in_1_ep,0.875,0.308611111,0.031666667
mondial_target_GDP_g8e3\EK_3_100_500_10_50000_0experiment_dynamic_55%in_2_ep,0.875,0.313055556,0.031388889
mondial_target_GDP_g8e3\EK_3_100_500_10_50000_0experiment_dynamic_55%in_3_ep,0.879166667,0.327777778,0.033611111
mondial_target_GDP_g8e3\EK_3_100_500_10_50000_0experiment_dynamic_55%in_4_ep,0.883333333,0.325833333,0.0325
mondial_target_GDP_g8e3\EK_3_100_500_10_50000_0experiment_dynamic_65%in_1_ep,0.879166667,0.266388889,0.026666667
mondial_target_GDP_g8e3\EK_3_100_500_10_50000_0experiment_dynamic_65%in_2_ep,0.879166667,0.287222222,0.028888889
mondial_target_GDP_g8e3\EK_3_100_500_10_50000_0experiment_dynamic_65%in_3_ep,0.883333333,0.292777778,0.029444444
mondial_target_GDP_g8e3\EK_3_100_500_10_50000_0experiment_dynamic_65%in_4_ep,0.879166667,0.295833333,0.03
mondial_target_GDP_g8e3\EK_3_100_500_10_50000_0experiment_dynamic_75%in_1_ep,0.833333333,0.213611111,0.022777778
mondial_target_GDP_g8e3\EK_3_100_500_10_50000_0experiment_dynamic_75%in_2_ep,0.8375,0.23,0.024444444
mondial_target_GDP_g8e3\EK_3_100_500_10_50000_0experiment_dynamic_75%in_3_ep,0.845833333,0.250833333,0.026111111
mondial_target_GDP_g8e3\EK_3_100_500_10_50000_0experiment_dynamic_75%in_4_ep,0.854166667,0.271666667,0.027777778
mondial_target_GDP_g8e3\EK_3_100_500_10_50000_0experiment_dynamic_85%in_1_ep,0.758333333,0.186111111,0.018611111
mondial_target_GDP_g8e3\EK_3_100_500_10_50000_0experiment_dynamic_85%in_2_ep,0.783333333,0.204166667,0.020555556
mondial_target_GDP_g8e3\EK_3_100_500_10_50000_0experiment_dynamic_85%in_3_ep,0.85,0.228611111,0.023333333
mondial_target_GDP_g8e3\EK_3_100_500_10_50000_0experiment_dynamic_85%in_4_ep,0.858333333,0.246388889,0.025555556
mondial_target_GDP_g8e3\EK_3_100_500_10_50000_0experiment_dynamic_95%in_1_ep,0.725,0.161666667,0.016388889
mondial_target_GDP_g8e3\EK_3_100_500_10_50000_0experiment_dynamic_95%in_2_ep,0.720833333,0.183611111,0.018333333
mondial_target_GDP_g8e3\EK_3_100_500_10_50000_0experiment_dynamic_95%in_3_ep,0.795833333,0.200833333,0.020277778
mondial_target_GDP_g8e3\EK_3_100_500_10_50000_0experiment_dynamic_95%in_4_ep,0.829166667,0.220833333,0.021666667
mondial_target_GDP_g8e3\EK_3_100_500_10_50000_0experiment_dynamic_95%in_5_ep,0.858333333,0.241388889,0.024166667
mondial_target_GDP_g8e3\EK_3_100_500_10_50000_0experiment_dynamic_95%in_6_ep,0.866666667,0.2625,0.026111111
mondial_target_GDP_g8e3\EK_3_100_500_10_50000_0experiment_dynamic_95%in_7_ep,0.870833333,0.279166667,0.0275
mondial_target_GDP_g8e3\EK_3_100_500_10_50000_0experiment_dynamic_95%in_8_ep,0.875,0.293611111,0.03
mondial_target_GDP_g8e3\EK_3_100_500_10_50000_0experiment_dynamic_95%in_9_ep,0.879166667,0.319166667,0.031666667
mondial_target_Inflation_g6\EK_3_100_500_10_50000_0experiment_dynamic_55%in_1_ep,0.741666667,0.305277778,0.031111111
mondial_target_Inflation_g6\EK_3_100_500_10_50000_0experiment_dynamic_55%in_2_ep,0.7375,0.313888889,0.031666667
mondial_target_Inflation_g6\EK_3_100_500_10_50000_0experiment_dynamic_55%in_3_ep,0.745833333,0.322777778,0.033333333
mondial_target_Inflation_g6\EK_3_100_500_10_50000_0experiment_dynamic_55%in_4_ep,0.7375,0.331944444,0.033333333
mondial_target_Inflation_g6\EK_3_100_500_10_50000_0experiment_dynamic_65%in_1_ep,0.725,0.265833333,0.026666667
mondial_target_Inflation_g6\EK_3_100_500_10_50000_0experiment_dynamic_65%in_2_ep,0.729166667,0.278888889,0.028055556
mondial_target_Inflation_g6\EK_3_100_500_10_50000_0experiment_dynamic_65%in_3_ep,0.741666667,0.289444444,0.029166667
mondial_target_Inflation_g6\EK_3_100_500_10_50000_0experiment_dynamic_65%in_4_ep,0.7375,0.299444444,0.030277778
mondial_target_Inflation_g6\EK_3_100_500_10_50000_0experiment_dynamic_75%in_1_ep,0.7125,0.217777778,0.0225
mondial_target_Inflation_g6\EK_3_100_500_10_50000_0experiment_dynamic_75%in_2_ep,0.725,0.233888889,0.023333333
mondial_target_Inflation_g6\EK_3_100_500_10_50000_0experiment_dynamic_75%in_3_ep,0.733333333,0.255833333,0.025833333
mondial_target_Inflation_g6\EK_3_100_500_10_50000_0experiment_dynamic_75%in_4_ep,0.745833333,0.273888889,0.0275
mondial_target_Inflation_g6\EK_3_100_500_10_50000_0experiment_dynamic_85%in_1_ep,0.566666667,0.181944444,0.018611111
mondial_target_Inflation_g6\EK_3_100_500_10_50000_0experiment_dynamic_85%in_2_ep,0.645833333,0.203055556,0.020555556
mondial_target_Inflation_g6\EK_3_100_500_10_50000_0experiment_dynamic_85%in_3_ep,0.7375,0.224722222,0.023055556
mondial_target_Inflation_g6\EK_3_100_500_10_50000_0experiment_dynamic_85%in_4_ep,0.75,0.243611111,0.025277778
mondial_target_Inflation_g6\EK_3_100_500_10_50000_0experiment_dynamic_95%in_1_ep,0.483333333,0.161666667,0.016388889
mondial_target_Inflation_g6\EK_3_100_500_10_50000_0experiment_dynamic_95%in_2_ep,0.525,0.179722222,0.018055556
mondial_target_Inflation_g6\EK_3_100_500_10_50000_0experiment_dynamic_95%in_3_ep,0.604166667,0.2025,0.020277778
mondial_target_Inflation_g6\EK_3_100_500_10_50000_0experiment_dynamic_95%in_4_ep,0.641666667,0.219722222,0.021944444
mondial_target_Inflation_g6\EK_3_100_500_10_50000_0experiment_dynamic_95%in_5_ep,0.7,0.241111111,0.023611111
mondial_target_Inflation_g6\EK_3_100_500_10_50000_0experiment_dynamic_95%in_6_ep,0.733333333,0.267777778,0.026388889
mondial_target_Inflation_g6\EK_3_100_500_10_50000_0experiment_dynamic_95%in_7_ep,0.733333333,0.28,0.028333333
mondial_target_Inflation_g6\EK_3_100_500_10_50000_0experiment_dynamic_95%in_8_ep,0.7375,0.293333333,0.029722222
mondial_target_Inflation_g6\EK_3_100_500_10_50000_0experiment_dynamic_95%in_9_ep,0.741666667,0.323333333,0.0325
genes\EK_3_100_500_10_50000_0experiment_all_schemes,0.8965116279069768,0.6008333333333333,0.0613888888888888
genes_essential\EK_3_100_500_10_50000_0experiment_all_schemes,1.0,0.5636111111111111,0.0569444444444444
mondial_target_continent\EK_3_100_500_10_50000_0experiment_all_schemes,0.968,0.4513888888888889,0.045
mondial_target_GDP_g8e3\EK_3_100_500_10_50000_0experiment_all_schemes,0.8791666666666668,0.45,0.0458333333333333
mondial_target_Inflation_g6\EK_3_100_500_10_50000_0experiment_all_schemes,0.725,0.4483333333333333,0.0447222222222222
mondial_original_target\EK_3_100_500_10_50000_0experiment_all_schemes,0.8333333333333334,0.3969444444444444,0.0397222222222222
hepatitis\EK_3_100_500_10_50000_0experiment_all_schemes,0.8560000000000001,0.4,0.04
genes\EK_3_100_500_10_50000_0experiment_all_schemes,0.8965116279069768,0.6008333333333333,0.0613888888888888
genes_essential\EK_3_100_500_10_50000_0experiment_all_schemes,1.0,0.5636111111111111,0.0569444444444444
mondial_target_continent\EK_3_100_500_10_50000_0experiment_all_schemes,0.968,0.4513888888888889,0.045
mondial_target_GDP_g8e3\EK_3_100_500_10_50000_0experiment_all_schemes,0.8791666666666668,0.45,0.0458333333333333
mondial_target_Inflation_g6\EK_3_100_500_10_50000_0experiment_all_schemes,0.725,0.4483333333333333,0.0447222222222222
mondial_original_target\EK_3_100_500_10_50000_0experiment_all_schemes,0.8333333333333334,0.3969444444444444,0.0397222222222222
hepatitis\EK_3_100_500_10_50000_0experiment_all_schemes,0.8560000000000001,0.4,0.04
genes\EK_3_100_500_10_50000_0experiment_all_schemes,0.8965116279069768,0.6008333333333333,0.0613888888888888
genes_essential\EK_3_100_500_10_50000_0experiment_all_schemes,1.0,0.5636111111111111,0.0569444444444444
mondial_target_continent\EK_3_100_500_10_50000_0experiment_all_schemes,0.968,0.4513888888888889,0.045
mondial_target_GDP_g8e3\EK_3_100_500_10_50000_0experiment_all_schemes,0.8791666666666668,0.45,0.0458333333333333
mondial_target_Inflation_g6\EK_3_100_500_10_50000_0experiment_all_schemes,0.725,0.4483333333333333,0.0447222222222222
mondial_original_target\EK_3_100_500_10_50000_0experiment_all_schemes,0.8333333333333334,0.3969444444444444,0.0397222222222222
hepatitis\EK_3_100_500_10_50000_0experiment_all_schemes,0.8560000000000001,0.4,0.04
genes\EK_3_100_500_10_50000_0experiment_all_schemes,0.8965116279069768,0.6008333333333333,0.0613888888888888
genes_essential\EK_3_100_500_10_50000_0experiment_all_schemes,1.0,0.5636111111111111,0.0569444444444444
mondial_target_continent\EK_3_100_500_10_50000_0experiment_all_schemes,0.968,0.4513888888888889,0.045
mondial_target_GDP_g8e3\EK_3_100_500_10_50000_0experiment_all_schemes,0.8791666666666668,0.45,0.0458333333333333
mondial_target_Inflation_g6\EK_3_100_500_10_50000_0experiment_all_schemes,0.725,0.4483333333333333,0.0447222222222222
mondial_original_target\EK_3_100_500_10_50000_0experiment_all_schemes,0.8333333333333334,0.3969444444444444,0.0397222222222222
hepatitis\EK_3_100_500_10_50000_0experiment_all_schemes,0.8560000000000001,0.4,0.04
mutagenesis\EK_4_100_500_10_50000_0experiment_all_schemes,0.8894736842105264,0.4908333333333333,0.0483333333333333
genes\EK_3_100_500_10_50000_0experiment_all_schemes,0.8965116279069768,0.6008333333333333,0.0613888888888888
genes_essential\EK_3_100_500_10_50000_0experiment_all_schemes,1.0,0.5636111111111111,0.0569444444444444
mondial_target_continent\EK_3_100_500_10_50000_0experiment_all_schemes,0.968,0.4513888888888889,0.045
mondial_target_GDP_g8e3\EK_3_100_500_10_50000_0experiment_all_schemes,0.8791666666666668,0.45,0.0458333333333333
mondial_target_Inflation_g6\EK_3_100_500_10_50000_0experiment_all_schemes,0.725,0.4483333333333333,0.0447222222222222
mondial_original_target\EK_3_100_500_10_50000_0experiment_all_schemes,0.8333333333333334,0.3969444444444444,0.0397222222222222
hepatitis\EK_3_100_500_10_50000_0experiment_all_schemes,0.8560000000000001,0.4,0.04
mutagenesis\EK_4_100_500_10_50000_0experiment_all_schemes,0.8894736842105264,0.49083333333333334,0.04833333333333333
